<?xml version='1.0' encoding='utf-8' standalone='yes' ?>
<map>
    <boolean name="had_persisted_distinct_id" value="false" />
    <string name="super_properties">{&quot;isAnonymous&quot;:false,&quot;phoneNumber&quot;:true,&quot;userEmail&quot;:&quot;&quot;,&quot;userName&quot;:&quot;&quot;,&quot;userId&quot;:&quot;RwkM8BPEoSVOSJqjPhEOFbVOIkJ2&quot;,&quot;$lib_version&quot;:&quot;2.4.4&quot;,&quot;mp_lib&quot;:&quot;flutter&quot;}</string>
    <boolean name="events_user_id_present" value="true" />
    <string name="people_distinct_id">RwkM8BPEoSVOSJqjPhEOFbVOIkJ2</string>
    <string name="events_distinct_id">RwkM8BPEoSVOSJqjPhEOFbVOIkJ2</string>
    <string name="anonymous_id">58eed777-5bb8-466a-9491-db5baf1a074e</string>
</map>
