<?xml version='1.0' encoding='utf-8' standalone='yes' ?>
<map>
    <string name="/v1/subscribers/%24RCAnonymousID%3A520fb53a100041fb83e3cdb08c377002/offerings">{&quot;eTag&quot;:&quot;d14d915c81af4410&quot;,&quot;lastRefreshTime&quot;:1761594344017,&quot;httpResult&quot;:&quot;{\&quot;responseCode\&quot;:200,\&quot;payload\&quot;:\&quot;{\\\&quot;current_offering_id\\\&quot;:null,\\\&quot;offerings\\\&quot;:[],\\\&quot;placements\\\&quot;:{\\\&quot;fallback_offering_id\\\&quot;:null}}\\n\&quot;,\&quot;origin\&quot;:\&quot;CACHE\&quot;,\&quot;requestDate\&quot;:1761594343855,\&quot;verificationResult\&quot;:\&quot;NOT_REQUESTED\&quot;}&quot;}</string>
    <string name="/v1/subscribers/identify">{&quot;eTag&quot;:&quot;16b2fb133d9ba7f6&quot;,&quot;lastRefreshTime&quot;:1761594345045,&quot;httpResult&quot;:&quot;{\&quot;responseCode\&quot;:200,\&quot;payload\&quot;:\&quot;{\\\&quot;request_date\\\&quot;:\\\&quot;2025-10-27T19:45:44Z\\\&quot;,\\\&quot;request_date_ms\\\&quot;:1761594344853,\\\&quot;subscriber\\\&quot;:{\\\&quot;entitlements\\\&quot;:{},\\\&quot;first_seen\\\&quot;:\\\&quot;2025-08-02T13:14:45Z\\\&quot;,\\\&quot;last_seen\\\&quot;:\\\&quot;2025-10-17T18:51:48Z\\\&quot;,\\\&quot;management_url\\\&quot;:null,\\\&quot;non_subscriptions\\\&quot;:{},\\\&quot;original_app_user_id\\\&quot;:\\\&quot;RwkM8BPEoSVOSJqjPhEOFbVOIkJ2\\\&quot;,\\\&quot;original_application_version\\\&quot;:null,\\\&quot;original_purchase_date\\\&quot;:null,\\\&quot;other_purchases\\\&quot;:{},\\\&quot;subscriptions\\\&quot;:{}}}\\n\&quot;,\&quot;origin\&quot;:\&quot;CACHE\&quot;,\&quot;requestDate\&quot;:1761594344853,\&quot;verificationResult\&quot;:\&quot;NOT_REQUESTED\&quot;}&quot;}</string>
    <string name="/v1/subscribers/%24RCAnonymousID%3A520fb53a100041fb83e3cdb08c377002">{&quot;eTag&quot;:&quot;64d85c507d4ea0cf&quot;,&quot;lastRefreshTime&quot;:1761594344439,&quot;httpResult&quot;:&quot;{\&quot;responseCode\&quot;:201,\&quot;payload\&quot;:\&quot;{\\\&quot;request_date\\\&quot;:\\\&quot;2025-10-27T19:45:44Z\\\&quot;,\\\&quot;request_date_ms\\\&quot;:1761594344250,\\\&quot;subscriber\\\&quot;:{\\\&quot;entitlements\\\&quot;:{},\\\&quot;first_seen\\\&quot;:\\\&quot;2025-10-27T19:45:44Z\\\&quot;,\\\&quot;last_seen\\\&quot;:\\\&quot;2025-10-27T19:45:44Z\\\&quot;,\\\&quot;management_url\\\&quot;:null,\\\&quot;non_subscriptions\\\&quot;:{},\\\&quot;original_app_user_id\\\&quot;:\\\&quot;$RCAnonymousID:520fb53a100041fb83e3cdb08c377002\\\&quot;,\\\&quot;original_application_version\\\&quot;:null,\\\&quot;original_purchase_date\\\&quot;:null,\\\&quot;other_purchases\\\&quot;:{},\\\&quot;subscriptions\\\&quot;:{}}}\\n\&quot;,\&quot;origin\&quot;:\&quot;CACHE\&quot;,\&quot;requestDate\&quot;:1761594344250,\&quot;verificationResult\&quot;:\&quot;NOT_REQUESTED\&quot;}&quot;}</string>
    <string name="/v1/subscribers/RwkM8BPEoSVOSJqjPhEOFbVOIkJ2/offerings">{&quot;eTag&quot;:&quot;d14d915c81af4410&quot;,&quot;lastRefreshTime&quot;:1761594345346,&quot;httpResult&quot;:&quot;{\&quot;responseCode\&quot;:200,\&quot;payload\&quot;:\&quot;{\\\&quot;current_offering_id\\\&quot;:null,\\\&quot;offerings\\\&quot;:[],\\\&quot;placements\\\&quot;:{\\\&quot;fallback_offering_id\\\&quot;:null}}\\n\&quot;,\&quot;origin\&quot;:\&quot;CACHE\&quot;,\&quot;requestDate\&quot;:1761594345177,\&quot;verificationResult\&quot;:\&quot;NOT_REQUESTED\&quot;}&quot;}</string>
</map>
