<?xml version='1.0' encoding='utf-8' standalone='yes' ?>
<map>
    <string name="com.applovin.sdk.P_OL.plugin_version">13.2.0.1</string>
    <string name="com.applovin.sdk.P_OL.device_token">MaznYs97JTiqaqEwnZGZ5gnCTuocSddyUPQ6PMEn6SNTD5HEhCMbF0wibqxbF9ZBFxOCeX98w7wnfigcnqdMmmBKi4UUuLe9bDpdaNdLSJ35pfLX88_QLFhxD5UeePPgkjGMcUK-2tviqATpbUfVzksQklnsSVf9gCdCCEVRmvE=</string>
    <string name="com.applovin.sdk.P_OL.device_id">1024769d6ee212bb1d</string>
    <string name="com.applovin.sdk.P_OL.sc">Jv78%2FxsWvoCAHGVKFpKIovPEZgA%3D</string>
    <boolean name="com.applovin.sdk.P_OL.is_verbose_logging" value="false" />
</map>
