<?xml version='1.0' encoding='utf-8' standalone='yes' ?>
<map>
    <set name="fire-installations/18.0.0 flutter-fire-rc/5.4.5 fire-rc/22.1.0 flutter-fire-app-check/0.3.2-7 fire-app-check/18.0.0 fire-abt/21.1.1 fire-app-check-debug/18.0.0 flutter-fire-core/3.14.0 fire-core/21.0.0 fire-core-ktx/21.0.0 fire-sessions/2.1.0 android-platform/ android-target-sdk/35 fire-cls/19.4.2 fire-transport/19.0.0 fire-app-check-play-integrity/18.0.0 kotlin/2.1.10 android-min-sdk/26 fire-auth/23.2.0 device-brand/realme fire-android/34 android-installer/com.android.vending fire-app-check-safety-net/16.1.2 fire-fcm/24.1.1 flutter-fire-fcm/15.2.7 fire-analytics/22.4.0 flutter-fire-auth/5.6.0 flutter-fire-cls/4.3.7 device-name/RMX3660 flutter-fire-analytics/11.5.0 device-model/RE588BL1">
        <string>2025-10-27</string>
    </set>
    <long name="fire-count" value="1" />
    <string name="last-used-date">2025-10-27</string>
    <long name="fire-global" value="1761594342758" />
</map>
