<?xml version='1.0' encoding='utf-8' standalone='yes' ?>
<map>
    <string name="auid">effbfe3c-13f1-49c0-b828-0cb0e1c3edbd</string>
    <string name="search_keys">{&quot;success&quot;:&quot;&quot;,&quot;fail&quot;:&quot;&quot;,&quot;searchKeys&quot;:[&quot;market://&quot;,&quot;play.google.com&quot;],&quot;acknowledgeWith&quot;:&quot;acknowledgeMessage&quot;,&quot;declineWith&quot;:&quot;errorTest&quot;}</string>
    <string name="ssaGlobalAppData">{&quot;controllerVersion&quot;:&quot;3073&quot;}</string>
    <string name="version">8.8.0</string>
    <string name="unityads-idfi">6da4f48e-c5bf-4457-b5b7-4a0ec93a8e13</string>
</map>
