<?xml version='1.0' encoding='utf-8' standalone='yes' ?>
<map>
    <long name="first_open_time" value="1761360851336" />
    <string name="gmp_app_id">1:843686588413:android:460563c870948822</string>
    <string name="app_instance_id">26c9ec472832c1087ab0b8db90952958</string>
    <boolean name="has_been_opened" value="true" />
    <boolean name="app_backgrounded" value="true" />
    <boolean name="allow_remote_dynamite" value="true" />
    <long name="health_monitor:start" value="1761360984526" />
    <boolean name="use_service" value="true" />
    <boolean name="start_new_session" value="true" />
</map>
