<?xml version='1.0' encoding='utf-8' standalone='yes' ?>
<map>
    <boolean name="explicit_content_allowed" value="true" />
    <boolean name="key_debug_is_debug_build" value="false" />
    <long name="cloud_revision" value="20000001" />
    <boolean name="key_high_quality_preference" value="false" />
    <long name="asset_cache_size" value="209715200" />
    <boolean name="key_eq_support_checked" value="true" />
    <string name="initial_library_revision_steps">{&quot;itemsVersion&quot;:20000001,&quot;playlistVersion&quot;:20000001,&quot;lyricsVersion&quot;:20000001,&quot;tastesVersion&quot;:0}</string>
    <int name="version" value="1" />
    <boolean name="private_listening_enabled" value="false" />
    <int name="max_movie_rating_allowed" value="900" />
    <boolean name="key_lossless_audio_switch" value="true" />
    <boolean name="key_high_efficiency_preference" value="false" />
    <boolean name="key_lossless_enabled" value="true" />
    <boolean name="key_volume_normalization_enabled" value="true" />
    <boolean name="cellular_data_saver_enabled" value="false" />
    <int name="subscription_status" value="1" />
    <string name="key_cellular_audio_quality">HIGH_RES_LOSSLESS</string>
    <string name="key_wifi_audio_quality">HIGH_RES_LOSSLESS</string>
    <boolean name="key_lossless_preference" value="false" />
    <int name="max_tv_show_rating_allowed" value="900" />
    <boolean name="key_high_res_lossless_preference" value="true" />
    <boolean name="high_quality_on_cellular_enabled" value="false" />
</map>
