<?xml version='1.0' encoding='utf-8' standalone='yes' ?>
<map>
    <boolean name="key_allow_explicit_content" value="true" />
    <boolean name="subscription_free_trial" value="false" />
    <string name="key_private_client_id">1976f12e-f464-4631-9e8f-936c60bc5216</string>
    <boolean name="key_carrier_unlinked" value="false" />
    <boolean name="subscription_is_minor" value="false" />
    <int name="key_private_client_id_event_count" value="11" />
    <long name="subscription_refresh" value="1761360938683" />
    <string name="subscription_family">{&quot;hasFamily&quot;:false,&quot;hasFamilyGreaterThanOneMember&quot;:false,&quot;isHoH&quot;:false}</string>
    <boolean name="subscription_is_purchaser" value="true" />
    <boolean name="subscription_is_family" value="false" />
    <boolean name="key_enhanced_audio_enabled" value="true" />
    <string name="subscription_status">ENABLED</string>
    <string name="key_account_v2_data">{&quot;isRestrictedAccount&quot;:false,&quot;isU18OrCountrysEquivalent&quot;:false,&quot;isUnderThirteen&quot;:false,&quot;errorNumber&quot;:0,&quot;status&quot;:&quot;success&quot;}</string>
    <string name="key_private_client_id_timestamp_day">25-10-2025</string>
    <string name="key_performance_metrics_session_start_time">1.761361E12</string>
    <boolean name="key_reset_http_cache_on_next_context_create" value="false" />
    <string name="subscription_reason">INDIVIDUAL</string>
    <string name="explicit_badge_indicator"> 🅴</string>
</map>
