<?xml version='1.0' encoding='utf-8' standalone='yes' ?>
<map>
    <set name="device-model/RMX2001L1 fire-installations/18.0.0 fire-cls/19.1.0 android-min-sdk/24 device-brand/realme android-installer/com.android.vending fire-core/21.0.0 fire-android/30 fire-core-ktx/21.0.0 fire-analytics/22.1.0 fire-sessions/2.0.4 android-platform/ fire-fcm/24.0.1 device-name/RMX2001 android-target-sdk/27 kotlin/1.9.23 fire-transport/19.0.0">
        <string>2025-10-25</string>
    </set>
    <long name="fire-count" value="2" />
    <string name="last-used-date">2025-10-27</string>
    <long name="fire-global" value="1761360889832" />
    <set name="fire-installations/18.0.0 fire-cls/19.1.0 android-min-sdk/24 device-brand/Redmi device-name/lime_in fire-android/28 android-installer/com.android.vending fire-core/21.0.0 device-model/lime fire-core-ktx/21.0.0 fire-analytics/22.1.0 fire-sessions/2.0.4 android-platform/ fire-fcm/24.0.1 kotlin/1.9.23 fire-transport/19.0.0 android-target-sdk/34">
        <string>2025-10-27</string>
    </set>
</map>
