<?xml version='1.0' encoding='utf-8' standalone='yes' ?>
<map>
    <boolean name="key_is_first_time_loading_emoji" value="false" />
    <int name="last_nav_fragment" value="4" />
    <boolean name="key_dolby_atmos_preference" value="true" />
    <boolean name="key_download_on_cellular" value="true" />
    <boolean name="key_diagnostics_new" value="true" />
    <boolean name="explicit_default_dialog_shown" value="true" />
    <boolean name="key_notifications_allow_explicit_sync" value="false" />
    <boolean name="key_playback_show_lockscreen_art" value="true" />
    <boolean name="key_update_mandatory" value="false" />
    <string name="key_appwidget_response_recently_played">[]</string>
    <string name="key_download_location">APPSPACE</string>
    <int name="key_add_to_playlists_behavior" value="2" />
    <boolean name="purge_has_playbackv1_cache" value="false" />
    <boolean name="key_widget_config_enter_event" value="false" />
    <boolean name="key_allow_explicit_content" value="true" />
    <boolean name="key_downloaded_asset_metadata_migration_needed" value="true" />
    <boolean name="key_sound_check" value="true" />
    <string name="key_download_audio_quality">HIGH_RES_LOSSLESS</string>
    <int name="installed_version" value="1472" />
    <string name="key_notifications_daily_sync_check">25-10-2025</string>
    <boolean name="key_has_acknowledged_privacy" value="true" />
    <boolean name="is_audit_library_performed_once_beta_hatfield_sun" value="true" />
    <boolean name="carrier_eligibility_check" value="true" />
    <boolean name="key_preference_media_playback_completed" value="true" />
    <boolean name="key_shown_whats_new" value="true" />
    <string name="key_is_playback_error_dialog_pending_to_show">[]</string>
    <boolean name="key_is_google_installer" value="true" />
    <boolean name="key_is_emoji_fetch_complete" value="true" />
    <boolean name="diagnostics_dialog_shown" value="true" />
    <int name="old_version_number" value="0" />
    <boolean name="has_social_profile" value="true" />
    <string name="key_notifications_token">d05AdtH5RU-3l4fQp_fndZ:APA91bHyp7KVs5T5WNM69dg5iyBj_xWq6sB-0xdfEbAclAH9vpsg307pU-K9Pzhag1VbSwfYcJv9ij78tO67HckRzgh6QsXpunyHEIsQvxNIa6d4yLV31tA</string>
    <boolean name="is_blocked_social_onboarded" value="false" />
    <boolean name="playback_use_listening_history" value="true" />
    <string name="key_theme_mode">system</string>
    <boolean name="key_show_social_onboarding_on_launch" value="false" />
    <boolean name="key_use_cellular_data_saver" value="false" />
    <boolean name="key_preference_migration_completed" value="true" />
    <boolean name="key_app_ref_readen" value="true" />
    <boolean name="is_updayte_library_performed_once" value="true" />
    <boolean name="key_dolby_atmos_download_preference" value="false" />
    <long name="key_next_inapp_review_time" value="1762224855392" />
    <boolean name="is_social_onboarded" value="false" />
    <string name="key_player_current_mode">LYRICS</string>
    <string name="key_check_updates_time">1761360855383</string>
    <boolean name="allow_diagnostics" value="true" />
    <boolean name="atpwatl_dialog" value="true" />
    <string name="key_streaming_cache_size">200</string>
    <boolean name="user_has_used_app_before" value="true" />
    <string name="library_content_currently_displayed_sectionsNORMAL">[&quot;PLAYLISTS&quot;,&quot;ARTISTS&quot;,&quot;ALBUMS&quot;,&quot;SONGS&quot;,&quot;MADEFORYOU&quot;,&quot;SHOWS&quot;]</string>
    <boolean name="key_add_to_favorites_behavior_ui" value="true" />
    <int name="key_add_to_favorites_behavior" value="1" />
    <boolean name="key_notifications_music_enabled_sync" value="false" />
    <boolean name="key_has_app_initialized_before" value="true" />
    <boolean name="key_add_to_playlists_behavior_new" value="false" />
</map>
