{"accounts":[{"accountFlagsJson":"{\"verifiedExpirationDate\":0.0,\"autoPlay\":true,\"identityLastVerified\":0.0,\"underThirteen\":false,\"personalization\":true,\"retailDemo\":false,\"isInBadCredit\":false,\"isDisabledAccount\":false,\"isRestrictedAccount\":false,\"isManagedAccount\":false,\"isInRestrictedRegion\":false,\"accountFlagsVersion\":0.0,\"isInFamily\":false,\"hasAgreedToTerms\":false,\"hasAgreedToAppClipTerms\":true,\"hasWatchHardwareOffer\":false,\"hasSubscriptionFamilySharingEnabled\":true}","active":true,"creditString":"","dsid":21904921890,"firstName":"Ankit ","id":"ankitpanwar000000@gmail.com","imCanSubscribe":0,"imSubscribed":0,"imSupported":0,"lastName":"Pawar","storeFront":"143467-2,31"}],"activeAccount":0}