{"cookies":[{"discard":false,"domain":".apple.com","expiration":1792896919,"name":"X-Dsid","path":"/","secure":true,"userDsid":21904921890,"value":"21904921890","version":0},{"discard":false,"domain":".apple.com","expiration":9223372036854775807,"name":"hsaccnt","path":"/WebObjects","secure":false,"userDsid":21904921890,"value":"1","version":1},{"discard":false,"domain":".apple.com","expiration":1823568920,"name":"mz_at0-21904921890","path":"/","secure":false,"userDsid":21904921890,"value":"AwQAAAFCAADqxAAAAABo/DwYbicSCBHwQvbwxnLTAMVQmo4Jvok\u003d","version":0},{"discard":false,"domain":".apple.com","expiration":1763952919,"name":"ampsc","path":"/","secure":false,"userDsid":21904921890,"value":"kfAy9FxIt+Po9/hzFApgh4OGc1iU4XgYsPNBGK3qYY27K3mXdI5WnfHW2mpQ3ttNJfl6+K/fyRpSK12HCgtjuw\u003d\u003d","version":0},{"discard":false,"domain":".apple.com","expiration":1824432920,"name":"mz_at_ssl-21904921890","path":"/","secure":true,"userDsid":21904921890,"value":"AwUAAAFCAADqxAAAAABo/DwY4bNeezYy/skbPFsh3DBHw8tegfk\u003d","version":0},{"discard":false,"domain":".apple.com","expiration":1777128919,"name":"pldfltcid","path":"/","secure":false,"userDsid":21904921890,"value":"cf92ab7b731a40a296af466c8f1b66e2060","version":0},{"discard":false,"domain":".apple.com","expiration":1777128919,"name":"tv-pldfltcid","path":"/","secure":false,"userDsid":21904921890,"value":"cf92ab7b731a40a296af466c8f1b66e2060","version":0},{"discard":false,"domain":".apple.com","expiration":9223372036854775807,"name":"wosid","path":"/WebObjects/MZFinance.woa","secure":true,"userDsid":21904921890,"value":"T1M52pfnHsCnJ9RriBvbxw","version":1},{"discard":false,"domain":".apple.com","expiration":9223372036854775807,"name":"woinst","path":"/WebObjects/MZFinance.woa","secure":true,"userDsid":21904921890,"value":"-1","version":1},{"discard":false,"domain":".apple.com","expiration":9223372036854775807,"name":"wosid-lite","path":"/","secure":true,"userDsid":21904921890,"value":"boItjibAtyN9lIxlK5xztM","version":1},{"discard":false,"domain":".apple.com","expiration":1761362719,"name":"session-store-id","path":"/WebObjects","secure":true,"userDsid":21904921890,"value":"8DEFF20D5FCF502A4640EE25194129CB","version":0},{"discard":false,"domain":".apple.com","expiration":1764042934,"name":"itspod","path":"/","secure":false,"userDsid":21904921890,"value":"60","version":0},{"discard":false,"domain":".apple.com","expiration":9223372036854775807,"name":"mzf_in","path":"/WebObjects","secure":true,"userDsid":21904921890,"value":"603178","version":1},{"discard":false,"domain":".apple.com","expiration":9223372036854775807,"name":"mzf_dr","path":"/WebObjects","secure":false,"userDsid":21904921890,"value":"0","version":0},{"discard":false,"domain":".itunes.apple.com","expiration":1763952935,"name":"amp","path":"/","secure":false,"userDsid":21904921890,"value":"ES6idP4CE7z9N0KPrS0v95V0u1PnYtJg0bsQ6rqrHVOOb2NQV0I5N7AUrgGfz14AWSXqjAG8anT9la1YJlv2JMGEpl1ac/t9D/VW7PvRALhAh/7DpjerBJJIWLUQKMWRAImNJfznGup5TNBeB1iBCJnjim6eXZo1NXtqVI1o3Pc\u003d","version":0},{"discard":false,"domain":".music.apple.com","expiration":1763952935,"name":"amp","path":"/","secure":false,"userDsid":21904921890,"value":"ES6idP4CE7z9N0KPrS0v95V0u1PnYtJg0bsQ6rqrHVOOb2NQV0I5N7AUrgGfz14AWSXqjAG8anT9la1YJlv2JMGEpl1ac/t9D/VW7PvRALhAh/7DpjerBJJIWLUQKMWRAImNJfznGup5TNBeB1iBCJnjim6eXZo1NXtqVI1o3Pc\u003d","version":0},{"discard":false,"domain":".apple.com","expiration":1792896939,"name":"TrPod","path":"/","secure":false,"userDsid":21904921890,"value":"7","version":0},{"discard":false,"domain":".itunes.apple.com","expiration":1761361247,"name":"dcloc","path":"/","secure":false,"userDsid":21904921890,"value":"ST11","version":0},{"discard":false,"domain":"xp.apple.com","expiration":1776912986,"name":"xp_aci","path":"/","secure":true,"userDsid":21904921890,"value":"rgVhzk9ri-bZlXvHvWHyUVcUAQ","version":0},{"discard":false,"domain":".apple.com","expiration":1776912986,"name":"xp_ab","path":"/","secure":true,"userDsid":21904921890,"value":"1#KVpIiom+-2+IEAeuMU01#BtPAq2U+-2+0ER5yLE01#IJtoLUK+-2+5XVcHek01#fNPb5Km+-2+xSb5Dsb99#8g9QAxE+-2+LH9t7lY01#qoeargw+-2+tYg6ZuW01#G8QCKvz+-2+byt1srA01#cf0QHwj+-2+1n4Pclc01#MisZXoB+-2+kRUuQAp01#HGwnF7S+-2+98p5PKg01#QfpM7yc+-2+SoxlhLJ01#7JrPZ1t+-2+xJSW1YR01#a02N3sy+-2+28gz0Sy01#zfSbIlH+-2+ytvDpZI01#cGP6Wqk+-2+09wjtTl01#UA65KfY+-2+0V7NFYs01","version":0}]}