{"Fid":"d05AdtH5RU-3l4fQp_fndZ","Status":3,"AuthToken":"eyJhbGciOiJFUzI1NiIsInR5cCI6IkpXVCJ9.eyJhcHBJZCI6IjE6ODQzNjg2NTg4NDEzOmFuZHJvaWQ6NDYwNTYzYzg3MDk0ODgyMiIsImV4cCI6MTc2MTk2NTY5MSwiZmlkIjoiZDA1QWR0SDVSVS0zbDRmUXBfZm5kWiIsInByb2plY3ROdW1iZXIiOjg0MzY4NjU4ODQxM30.AB2LPV8wRQIhAPe97knu0t1aFgTeiJbHjVxydXwS1E4U_sk17RqNqh5MAiA3R-NtfwF7BdbzyVnraksBa30exC7g_ZX3mDhriNCm6Q","RefreshToken":"3_AS3qfwLSpmrsH8dt7iwu4o2457e6Ti7GW4urmbz8mC4GSXH65Wbu8UUO6OU2njf21aDiBMvkOVI3TPXFSePCZYkh8SyVjhs5drou4WRHqw0rlXE","TokenCreationEpochInSecs":1761360891,"ExpiresInSecs":604800}