{"pb":[{"uniqueId":"f8ab4cd1-f756-45f6-b802-901692463ec2","targetUrl":"https:\/\/rt.applovin.com\/4.0\/pix","backupUrl":"https:\/\/rt.applvn.com\/4.0\/pix","encodingType":"DEFAULT","isEncodingEnabled":true,"gzipBodyEncoding":false,"isAllowedPreInitEvent":true,"attemptNumber":1,"parameters":{"api_level":"31","tds":"114551549952","is_tablet":"false","adns":"2.5687501","rid":"a03e60ac-dc7a-4f33-8742-7463b86ffc0f","af_ts_ms":"0","j8":"true","idfv_scope":"1","lmt":"679477248","network_restricted":"false","ia":"1761458684339","model":"M2010J19SI","idfv":"166bcfdf-a47d-9ed3-4234-eb0dbc9c9184","brand":"Xiaomi","hardware":"qcom","server_installed_at":"","af":"8192","bt_ms":"1760527256613","test_ads":"false","first_install":"false","dnt":"true","mute_switch":"2","accept":"custom_size,launch_app,video","alts_ms":"1761458723910","app_launch_count":"1","aif":"true","ps_apg":"true","plugin_version":"13.3.1.0","screen_size_in":"6.48248154531554","omid_sdk_version":"1.5.3-Applovin","first_install_v2":"false","sb":"67","sc":"Jra0%2FxsW%2Frz%2FG1S4DRUgFpytwunCZgA%3D","kb":"en_IN","sdk_version":"13.3.1","so":"1,2,18","event":"landing","muted":"false","art":"null","lpm":"0","session_id":"e7581a41-3540-4811-8ad6-ab139633cdc3","app_name":"Dashreels","tg":"92","event_id":"a3c0820a-ae20-433c-bc65-4b6f7fb683ce","tm":"5983535104","supported_abis":"[\"arm64-v8a\",\"armeabi-v7a\",\"armeabi\"]","ydpi":"396.24","da":"0.0","font":"1.25","ts":"1761458732420","sowpie":"false","lm":"false","orientation_lock":"portrait","tv":"false","app_version":"1.0.91","ps_aipg":"true","aida":"true","dm":"0.0","acm":"96","target_sdk":"35","mcc":"405","ps_tpg":"true","act":"3","dx":"1080","ma":"false","applovin_random_token":"19ddefce-4105-41be-99ef-1ae82b22daac","tz_offset":"5.5","dy":"2340","app_version_code":"393","api_did":"10d33fe820c9fa90f4","test_mode":"0","process_name":"com.dashtoon.video.reels","min_sdk":"26","mtl":"0","format":"json","brand_name":"Redmi","ps_version_code":"84821930","adr":"false","revision":"lime","play_store_disabled":"true","volume":"33.333336","country_code":"IN","spo":"false","device_orientation":"portrait","adnsd":"411","vs":"false","first_install_v3_ms":"1761458685915","vz":"975cc39ea5aa3f60","fm":"2102792192","locale":"en_IN","fs":"61860904960","postback_ts":"1761458732429","platform":"android","network":"wifi","installer_name":"com.google.android.packageinstaller","is_pc":"false","sim":"false","dnt_code":"dnt_on","xdpi":"397.565","ab_ts_ms":"0","sc3":"","mnc":"51","debug":"false","sc2":"","os":"12","tssf_ms":"-1","compass_random_token":"63aa66c3-4db8-446e-a7c8-b4f2cfb3ac7b","psase":"false","is_main_process":"true","ps_capg":"true","gy":"true","carrier":"airtel","pc":"8","tbalsi_ms":"1711","ia_v2":"1761315543910","hdr":"false","ps_version":"48.2.19-31 [0] [PR] 813001354","package_name":"com.dashtoon.video.reels","mediation_provider":"admob"},"httpHeaders":{"AppLovin-Event":"landing","Content-Type":"application\/json; charset=utf-8"},"requestBody":{}}]}