{"url":"https:\/\/webview.unityads.unity3d.com\/webview_test\/4.0.0\/ad7e7987e0d98d8365f7e619c0cee09409beb8d9\/release\/index.html","hash":"d4ad5d4a764bd53112416451ba7a1cb379f6fd094bca235b957bafaaf42d8872","version":"ad7e7987e0d98d8365f7e619c0cee09409beb8d9","dwu":false,"sdkv":"4.0.0","murl":"https:\/\/gateway.unityads.unity3d.com\/legacy\/diagnostics\/v2\/metrics","msr":5,"omn":"Unity3d","omv":"1.3.0","sto":30000,"lto":60000,"src":"srvc","expo":{"gjl":{"value":"true"},"lto":{"value":"60000"},"osg":{"applied":"current","value":true},"sendShowConsentEvent":{"value":"true"},"sto":{"value":"30000"},"tsi":{"value":"true"},"tsi_nt":{"value":"true"},"tsi_p":{"value":"true"},"tsi_prw":{"value":"true"},"tsi_upii":{"value":"false"},"wgr":{"value":"true"}}}