{"Fid":"clqIChUUS3eNwiVaevtyfF","Status":3,"AuthToken":"eyJhbGciOiJFUzI1NiIsInR5cCI6IkpXVCJ9.eyJhcHBJZCI6IjE6NjU2MDU1OTI0NTM3OmFuZHJvaWQ6Y2VmZTkyOGMxODlhYjcxYzVkOWFlOCIsImV4cCI6MTc2MTkyMDM1NSwiZmlkIjoiY2xxSUNoVVVTM2VOd2lWYWV2dHlmRiIsInByb2plY3ROdW1iZXIiOjY1NjA1NTkyNDUzN30.AB2LPV8wRQIhAM9jWxDnfA5RMwqrjB5OMbXLkSXOauLCPeqwVgi_lH5kAiANC54V1lukLnvF_8r87caJKvBLOY5fv12MK2KJTB4EAQ","RefreshToken":"3_AS3qfwJQfSSewrC_YDtd1T_xwNi9GpATD-r4umI1LvEDllaoFWhRjQglpHGCrGgpBZCwmje5NJzCpaPVa5me6Twjh2yslzWsvnSQNs7FsaeitQ","TokenCreationEpochInSecs":1761315555,"ExpiresInSecs":604800}