<?xml version='1.0' encoding='utf-8' standalone='yes' ?>
<map>
    <long name="first_open_time" value="1761443284501" />
    <string name="gmp_app_id">1:1023133728894:android:f25a671f5194e1d618d82f</string>
    <string name="app_instance_id">8875b8bda653c1459daeb34da37c5cca</string>
    <boolean name="has_been_opened" value="true" />
    <boolean name="app_backgrounded" value="true" />
    <boolean name="allow_remote_dynamite" value="true" />
    <long name="health_monitor:start" value="1761443295194" />
    <boolean name="use_service" value="true" />
    <boolean name="start_new_session" value="true" />
</map>
