<?xml version='1.0' encoding='utf-8' standalone='yes' ?>
<map>
    <string name="cachedGUIDsKey:877-958-874Z">{&quot;Identity_cmlsNzYxMjI1MDkyOA==&quot;:&quot;__b3d00c4437c14aaca257f873520478ae&quot;}</string>
    <string name="deviceId:877-958-874Z">__b3d00c4437c14aaca257f873520478ae</string>
    <string name="pfworkid">877-958-874Z</string>
    <string name="ict_date:__b3d00c4437c14aaca257f873520478ae:877-958-874Z">26102025</string>
    <int name="sexe:877-958-874Z" value="1761475460" />
    <boolean name="NetworkInfo:877-958-874Z" value="true" />
    <int name="lastSessionId:877-958-874Z" value="1761475458" />
    <string name="instance:877-958-874Z">{&quot;accountId&quot;:&quot;877-958-874Z&quot;,&quot;accountToken&quot;:&quot;b5c-aab&quot;,&quot;accountRegion&quot;:&quot;in1&quot;,&quot;analyticsOnly&quot;:false,&quot;isDefaultInstance&quot;:true,&quot;useGoogleAdId&quot;:false,&quot;disableAppLaunchedEvent&quot;:false,&quot;personalization&quot;:true,&quot;debugLevel&quot;:0,&quot;createdPostAppLaunch&quot;:false,&quot;sslPinning&quot;:false,&quot;backgroundSync&quot;:true,&quot;getEnableCustomCleverTapId&quot;:false,&quot;beta&quot;:false,&quot;encryptionLevel&quot;:0}</string>
    <int name="istc_inapp:__b3d00c4437c14aaca257f873520478ae:877-958-874Z" value="0" />
    <string name="SP_KEY_PROFILE_IDENTITIES:877-958-874Z">Email,Identity</string>
    <int name="imc:__b3d00c4437c14aaca257f873520478ae:877-958-874Z" value="1" />
    <int name="istmcd_inapp:__b3d00c4437c14aaca257f873520478ae:877-958-874Z" value="10" />
    <int name="comms_first_ts:877-958-874Z" value="1761453744" />
    <int name="comms_last_ts:877-958-874Z" value="1761453845" />
    <long name="last_assets_cleanup" value="1761453744927" />
</map>
