<?xml version='1.0' encoding='utf-8' standalone='yes' ?>
<map>
    <int name="d_ts" value="0" />
    <int name="dh" value="0" />
    <int name="hgt" value="4" />
    <string name="av">7.1.7</string>
    <int name="v" value="2" />
    <int name="wdt" value="2" />
    <string name="j_n">ZmpncgsCAwNubA==</string>
    <string name="i_n">ZmtgegQACQxlag==</string>
    <int name="r_ts" value="1761453846" />
    <string name="id">877-958-874Z</string>
    <string name="k_n">DHgxJl5Df04OIh8hHmsfD1lJfnVqZ3AW</string>
    <string name="j_s">{}</string>
</map>
