<?xml version='1.0' encoding='utf-8' standalone='yes' ?>
<map>
    <string name="/v1/subscribers/%24RCAnonymousID%3Adf01e906accf46edb09454d570446cc7">{&quot;eTag&quot;:&quot;dc807a97009b4d62&quot;,&quot;lastRefreshTime&quot;:1761315641985,&quot;httpResult&quot;:&quot;{\&quot;responseCode\&quot;:201,\&quot;payload\&quot;:\&quot;{\\\&quot;request_date\\\&quot;:\\\&quot;2025-10-24T14:20:41Z\\\&quot;,\\\&quot;request_date_ms\\\&quot;:1761315641874,\\\&quot;subscriber\\\&quot;:{\\\&quot;entitlements\\\&quot;:{},\\\&quot;first_seen\\\&quot;:\\\&quot;2025-10-24T14:20:41Z\\\&quot;,\\\&quot;last_seen\\\&quot;:\\\&quot;2025-10-24T14:20:41Z\\\&quot;,\\\&quot;management_url\\\&quot;:null,\\\&quot;non_subscriptions\\\&quot;:{},\\\&quot;original_app_user_id\\\&quot;:\\\&quot;$RCAnonymousID:df01e906accf46edb09454d570446cc7\\\&quot;,\\\&quot;original_application_version\\\&quot;:null,\\\&quot;original_purchase_date\\\&quot;:null,\\\&quot;other_purchases\\\&quot;:{},\\\&quot;subscriptions\\\&quot;:{}}}\\n\&quot;,\&quot;origin\&quot;:\&quot;CACHE\&quot;,\&quot;requestDate\&quot;:1761315641875,\&quot;verificationResult\&quot;:\&quot;NOT_REQUESTED\&quot;}&quot;}</string>
    <string name="/v1/subscribers/WPw8ISixjAawPg96uDNLXnx0CkR2">{&quot;eTag&quot;:&quot;dbe30d8570dd865f&quot;,&quot;lastRefreshTime&quot;:1761595290380,&quot;httpResult&quot;:&quot;{\&quot;responseCode\&quot;:200,\&quot;payload\&quot;:\&quot;{\\\&quot;request_date\\\&quot;:\\\&quot;2025-10-27T20:01:30Z\\\&quot;,\\\&quot;request_date_ms\\\&quot;:1761595290205,\\\&quot;subscriber\\\&quot;:{\\\&quot;entitlements\\\&quot;:{\\\&quot;Ad Free Quarterly\\\&quot;:{\\\&quot;expires_date\\\&quot;:\\\&quot;2025-10-29T00:47:14Z\\\&quot;,\\\&quot;grace_period_expires_date\\\&quot;:null,\\\&quot;product_identifier\\\&quot;:\\\&quot;ad_free_quarterly_499\\\&quot;,\\\&quot;product_plan_identifier\\\&quot;:\\\&quot;ad-free-quarterly-499-base\\\&quot;,\\\&quot;purchase_date\\\&quot;:\\\&quot;2025-10-26T00:48:36Z\\\&quot;}},\\\&quot;first_seen\\\&quot;:\\\&quot;2025-04-11T19:31:19Z\\\&quot;,\\\&quot;last_seen\\\&quot;:\\\&quot;2025-10-27T10:30:32Z\\\&quot;,\\\&quot;management_url\\\&quot;:\\\&quot;https:\\\/\\\/play.google.com\\\/store\\\/account\\\/subscriptions\\\&quot;,\\\&quot;non_subscriptions\\\&quot;:{},\\\&quot;original_app_user_id\\\&quot;:\\\&quot;WPw8ISixjAawPg96uDNLXnx0CkR2\\\&quot;,\\\&quot;original_application_version\\\&quot;:null,\\\&quot;original_purchase_date\\\&quot;:null,\\\&quot;other_purchases\\\&quot;:{},\\\&quot;subscriptions\\\&quot;:{\\\&quot;ad_free_quarterly\\\&quot;:{\\\&quot;auto_resume_date\\\&quot;:null,\\\&quot;billing_issues_detected_at\\\&quot;:\\\&quot;2025-10-19T19:30:54Z\\\&quot;,\\\&quot;display_name\\\&quot;:null,\\\&quot;expires_date\\\&quot;:\\\&quot;2025-10-19T20:00:26Z\\\&quot;,\\\&quot;grace_period_expires_date\\\&quot;:\\\&quot;2025-10-19T20:00:26Z\\\&quot;,\\\&quot;is_sandbox\\\&quot;:false,\\\&quot;management_url\\\&quot;:\\\&quot;https:\\\/\\\/play.google.com\\\/store\\\/account\\\/subscriptions\\\&quot;,\\\&quot;original_purchase_date\\\&quot;:\\\&quot;2025-04-11T19:31:19Z\\\&quot;,\\\&quot;period_type\\\&quot;:\\\&quot;normal\\\&quot;,\\\&quot;price\\\&quot;:{\\\&quot;amount\\\&quot;:0.0,\\\&quot;currency\\\&quot;:\\\&quot;INR\\\&quot;},\\\&quot;product_plan_identifier\\\&quot;:\\\&quot;ad-free-base-quarterly\\\&quot;,\\\&quot;purchase_date\\\&quot;:\\\&quot;2025-10-19T20:00:26Z\\\&quot;,\\\&quot;refunded_at\\\&quot;:null,\\\&quot;store\\\&quot;:\\\&quot;play_store\\\&quot;,\\\&quot;store_transaction_id\\\&quot;:\\\&quot;GPA.3329-5063-5696-28642..2\\\&quot;,\\\&quot;unsubscribe_detected_at\\\&quot;:null},\\\&quot;ad_free_quarterly_499\\\&quot;:{\\\&quot;auto_resume_date\\\&quot;:null,\\\&quot;billing_issues_detected_at\\\&quot;:null,\\\&quot;display_name\\\&quot;:null,\\\&quot;expires_date\\\&quot;:\\\&quot;2025-10-29T00:47:14Z\\\&quot;,\\\&quot;grace_period_expires_date\\\&quot;:null,\\\&quot;is_sandbox\\\&quot;:false,\\\&quot;management_url\\\&quot;:\\\&quot;https:\\\/\\\/play.google.com\\\/store\\\/account\\\/subscriptions\\\&quot;,\\\&quot;original_purchase_date\\\&quot;:\\\&quot;2025-10-26T00:48:36Z\\\&quot;,\\\&quot;period_type\\\&quot;:\\\&quot;trial\\\&quot;,\\\&quot;price\\\&quot;:{\\\&quot;amount\\\&quot;:0.0,\\\&quot;currency\\\&quot;:\\\&quot;INR\\\&quot;},\\\&quot;product_plan_identifier\\\&quot;:\\\&quot;ad-free-quarterly-499-base\\\&quot;,\\\&quot;purchase_date\\\&quot;:\\\&quot;2025-10-26T00:48:36Z\\\&quot;,\\\&quot;refunded_at\\\&quot;:null,\\\&quot;store\\\&quot;:\\\&quot;play_store\\\&quot;,\\\&quot;store_transaction_id\\\&quot;:\\\&quot;GPA.3360-7200-7896-56485\\\&quot;,\\\&quot;unsubscribe_detected_at\\\&quot;:null}}}}\\n\&quot;,\&quot;origin\&quot;:\&quot;CACHE\&quot;,\&quot;requestDate\&quot;:1761595290205,\&quot;verificationResult\&quot;:\&quot;NOT_REQUESTED\&quot;}&quot;}</string>
    <string name="/v1/subscribers/lW5cHWinHtZPMtZScZ545WHKQho1/attributes">{&quot;eTag&quot;:&quot;daa13e4f205dc5ba&quot;,&quot;lastRefreshTime&quot;:1761595290036,&quot;httpResult&quot;:&quot;{\&quot;responseCode\&quot;:200,\&quot;payload\&quot;:\&quot;{}\\n\&quot;,\&quot;origin\&quot;:\&quot;CACHE\&quot;,\&quot;verificationResult\&quot;:\&quot;NOT_REQUESTED\&quot;}&quot;}</string>
    <string name="/v1/subscribers/%24RCAnonymousID%3Adf01e906accf46edb09454d570446cc7/offerings">{&quot;eTag&quot;:&quot;d14d915c81af4410&quot;,&quot;lastRefreshTime&quot;:1761315641123,&quot;httpResult&quot;:&quot;{\&quot;responseCode\&quot;:200,\&quot;payload\&quot;:\&quot;{\\\&quot;current_offering_id\\\&quot;:null,\\\&quot;offerings\\\&quot;:[],\\\&quot;placements\\\&quot;:{\\\&quot;fallback_offering_id\\\&quot;:null}}\\n\&quot;,\&quot;origin\&quot;:\&quot;CACHE\&quot;,\&quot;requestDate\&quot;:1761315641033,\&quot;verificationResult\&quot;:\&quot;NOT_REQUESTED\&quot;}&quot;}</string>
    <string name="/v1/subscribers/WPw8ISixjAawPg96uDNLXnx0CkR2/attributes">{&quot;eTag&quot;:&quot;daa13e4f205dc5ba&quot;,&quot;lastRefreshTime&quot;:1761315666620,&quot;httpResult&quot;:&quot;{\&quot;responseCode\&quot;:200,\&quot;payload\&quot;:\&quot;{}\\n\&quot;,\&quot;origin\&quot;:\&quot;CACHE\&quot;,\&quot;verificationResult\&quot;:\&quot;NOT_REQUESTED\&quot;}&quot;}</string>
    <string name="/v1/subscribers/identify">{&quot;eTag&quot;:&quot;954df4d7af707bfd&quot;,&quot;lastRefreshTime&quot;:1761315642434,&quot;httpResult&quot;:&quot;{\&quot;responseCode\&quot;:200,\&quot;payload\&quot;:\&quot;{\\\&quot;request_date\\\&quot;:\\\&quot;2025-10-24T14:20:42Z\\\&quot;,\\\&quot;request_date_ms\\\&quot;:1761315642354,\\\&quot;subscriber\\\&quot;:{\\\&quot;entitlements\\\&quot;:{},\\\&quot;first_seen\\\&quot;:\\\&quot;2025-10-11T15:37:25Z\\\&quot;,\\\&quot;last_seen\\\&quot;:\\\&quot;2025-10-24T13:40:13Z\\\&quot;,\\\&quot;management_url\\\&quot;:null,\\\&quot;non_subscriptions\\\&quot;:{},\\\&quot;original_app_user_id\\\&quot;:\\\&quot;WPw8ISixjAawPg96uDNLXnx0CkR2\\\&quot;,\\\&quot;original_application_version\\\&quot;:null,\\\&quot;original_purchase_date\\\&quot;:null,\\\&quot;other_purchases\\\&quot;:{},\\\&quot;subscriptions\\\&quot;:{}}}\\n\&quot;,\&quot;origin\&quot;:\&quot;CACHE\&quot;,\&quot;requestDate\&quot;:1761315642355,\&quot;verificationResult\&quot;:\&quot;NOT_REQUESTED\&quot;}&quot;}</string>
    <string name="/v1/subscribers/WPw8ISixjAawPg96uDNLXnx0CkR2/offerings">{&quot;eTag&quot;:&quot;d14d915c81af4410&quot;,&quot;lastRefreshTime&quot;:1761315643139,&quot;httpResult&quot;:&quot;{\&quot;responseCode\&quot;:200,\&quot;payload\&quot;:\&quot;{\\\&quot;current_offering_id\\\&quot;:null,\\\&quot;offerings\\\&quot;:[],\\\&quot;placements\\\&quot;:{\\\&quot;fallback_offering_id\\\&quot;:null}}\\n\&quot;,\&quot;origin\&quot;:\&quot;CACHE\&quot;,\&quot;requestDate\&quot;:1761315643051,\&quot;verificationResult\&quot;:\&quot;NOT_REQUESTED\&quot;}&quot;}</string>
</map>
