<?xml version='1.0' encoding='utf-8' standalone='yes' ?>
<map>
    <long name="com.facebook.appevents.SessionInfo.sessionStartTime" value="1761595265205" />
    <string name="storefrontCacheKey">IN</string>
    <int name="com.facebook.appevents.SessionInfo.interruptionCount" value="1" />
    <long name="com.revenuecat.purchases.goog_DbsgCxjHJWZblwrslqFJzSvLMCC.purchaserInfoLastUpdated.lW5cHWinHtZPMtZScZ545WHKQho1" value="1761595275692" />
    <string name="com.applovin.sdk.impl.isFirstRun">false</string>
    <string name="com.revenuecat.purchases.goog_DbsgCxjHJWZblwrslqFJzSvLMCC.WPw8ISixjAawPg96uDNLXnx0CkR2">{&quot;request_date&quot;:&quot;2025-10-27T20:01:30Z&quot;,&quot;request_date_ms&quot;:1761595290205,&quot;subscriber&quot;:{&quot;entitlements&quot;:{&quot;Ad Free Quarterly&quot;:{&quot;expires_date&quot;:&quot;2025-10-29T00:47:14Z&quot;,&quot;grace_period_expires_date&quot;:null,&quot;product_identifier&quot;:&quot;ad_free_quarterly_499&quot;,&quot;product_plan_identifier&quot;:&quot;ad-free-quarterly-499-base&quot;,&quot;purchase_date&quot;:&quot;2025-10-26T00:48:36Z&quot;}},&quot;first_seen&quot;:&quot;2025-04-11T19:31:19Z&quot;,&quot;last_seen&quot;:&quot;2025-10-27T10:30:32Z&quot;,&quot;management_url&quot;:&quot;https:\/\/play.google.com\/store\/account\/subscriptions&quot;,&quot;non_subscriptions&quot;:{},&quot;original_app_user_id&quot;:&quot;WPw8ISixjAawPg96uDNLXnx0CkR2&quot;,&quot;original_application_version&quot;:null,&quot;original_purchase_date&quot;:null,&quot;other_purchases&quot;:{},&quot;subscriptions&quot;:{&quot;ad_free_quarterly&quot;:{&quot;auto_resume_date&quot;:null,&quot;billing_issues_detected_at&quot;:&quot;2025-10-19T19:30:54Z&quot;,&quot;display_name&quot;:null,&quot;expires_date&quot;:&quot;2025-10-19T20:00:26Z&quot;,&quot;grace_period_expires_date&quot;:&quot;2025-10-19T20:00:26Z&quot;,&quot;is_sandbox&quot;:false,&quot;management_url&quot;:&quot;https:\/\/play.google.com\/store\/account\/subscriptions&quot;,&quot;original_purchase_date&quot;:&quot;2025-04-11T19:31:19Z&quot;,&quot;period_type&quot;:&quot;normal&quot;,&quot;price&quot;:{&quot;amount&quot;:0,&quot;currency&quot;:&quot;INR&quot;},&quot;product_plan_identifier&quot;:&quot;ad-free-base-quarterly&quot;,&quot;purchase_date&quot;:&quot;2025-10-19T20:00:26Z&quot;,&quot;refunded_at&quot;:null,&quot;store&quot;:&quot;play_store&quot;,&quot;store_transaction_id&quot;:&quot;GPA.3329-5063-5696-28642..2&quot;,&quot;unsubscribe_detected_at&quot;:null},&quot;ad_free_quarterly_499&quot;:{&quot;auto_resume_date&quot;:null,&quot;billing_issues_detected_at&quot;:null,&quot;display_name&quot;:null,&quot;expires_date&quot;:&quot;2025-10-29T00:47:14Z&quot;,&quot;grace_period_expires_date&quot;:null,&quot;is_sandbox&quot;:false,&quot;management_url&quot;:&quot;https:\/\/play.google.com\/store\/account\/subscriptions&quot;,&quot;original_purchase_date&quot;:&quot;2025-10-26T00:48:36Z&quot;,&quot;period_type&quot;:&quot;trial&quot;,&quot;price&quot;:{&quot;amount&quot;:0,&quot;currency&quot;:&quot;INR&quot;},&quot;product_plan_identifier&quot;:&quot;ad-free-quarterly-499-base&quot;,&quot;purchase_date&quot;:&quot;2025-10-26T00:48:36Z&quot;,&quot;refunded_at&quot;:null,&quot;store&quot;:&quot;play_store&quot;,&quot;store_transaction_id&quot;:&quot;GPA.3360-7200-7896-56485&quot;,&quot;unsubscribe_detected_at&quot;:null}}},&quot;schema_version&quot;:3,&quot;verification_result&quot;:&quot;NOT_REQUESTED&quot;,&quot;customer_info_request_date&quot;:1761595290205}</string>
    <string name="com.facebook.appevents.SessionInfo.sessionId">59b39a1c-660e-4e07-bab9-414eda3c2d41</string>
    <long name="com.facebook.appevents.SessionInfo.sessionEndTime" value="1761595279912" />
    <string name="com.revenuecat.purchases.goog_DbsgCxjHJWZblwrslqFJzSvLMCC.subscriberAttributes">{&quot;attributes&quot;:{&quot;WPw8ISixjAawPg96uDNLXnx0CkR2&quot;:{&quot;$displayName&quot;:{&quot;key&quot;:&quot;$displayName&quot;,&quot;value&quot;:&quot;Arvind&quot;,&quot;set_time&quot;:1761595288952,&quot;is_synced&quot;:true},&quot;$email&quot;:{&quot;key&quot;:&quot;$email&quot;,&quot;value&quot;:&quot;&quot;,&quot;set_time&quot;:1761595288953,&quot;is_synced&quot;:true},&quot;$phoneNumber&quot;:{&quot;key&quot;:&quot;$phoneNumber&quot;,&quot;value&quot;:&quot;+916395802758&quot;,&quot;set_time&quot;:1761595288954,&quot;is_synced&quot;:true},&quot;$mixpanelDistinctId&quot;:{&quot;key&quot;:&quot;$mixpanelDistinctId&quot;,&quot;value&quot;:&quot;WPw8ISixjAawPg96uDNLXnx0CkR2&quot;,&quot;set_time&quot;:1761595288955,&quot;is_synced&quot;:true},&quot;$gpsAdId&quot;:{&quot;key&quot;:&quot;$gpsAdId&quot;,&quot;value&quot;:&quot;32b09acc-0c88-4a85-8ffe-3b71c0367bc6&quot;,&quot;set_time&quot;:1761595289649,&quot;is_synced&quot;:true},&quot;$ip&quot;:{&quot;key&quot;:&quot;$ip&quot;,&quot;value&quot;:&quot;true&quot;,&quot;set_time&quot;:1761595289649,&quot;is_synced&quot;:true},&quot;$deviceVersion&quot;:{&quot;key&quot;:&quot;$deviceVersion&quot;,&quot;value&quot;:&quot;true&quot;,&quot;set_time&quot;:1761595289649,&quot;is_synced&quot;:true},&quot;$appsflyerId&quot;:{&quot;key&quot;:&quot;$appsflyerId&quot;,&quot;value&quot;:&quot;1761595269054-1472182021292959732&quot;,&quot;set_time&quot;:1761595289721,&quot;is_synced&quot;:true}}}}</string>
    <boolean name="bg_startup_tracing" value="false" />
    <long name="com.revenuecat.purchases.goog_DbsgCxjHJWZblwrslqFJzSvLMCC.purchaserInfoLastUpdated.WPw8ISixjAawPg96uDNLXnx0CkR2" value="1761595290387" />
    <string name="com.facebook.appevents.UserDataStore.internalUserData"></string>
    <set name="com.revenuecat.purchases.goog_DbsgCxjHJWZblwrslqFJzSvLMCC.tokens" />
    <long name="com.revenuecat.purchases.goog_DbsgCxjHJWZblwrslqFJzSvLMCC.productEntitlementMappingLastUpdated" value="1761595278396" />
    <string name="com.facebook.appevents.UserDataStore.userData"></string>
    <string name="com.revenuecat.purchases.goog_DbsgCxjHJWZblwrslqFJzSvLMCC.new">WPw8ISixjAawPg96uDNLXnx0CkR2</string>
    <string name="com.revenuecat.purchases.goog_DbsgCxjHJWZblwrslqFJzSvLMCC.productEntitlementMapping">{&quot;product_entitlement_mapping&quot;:{&quot;ad_free_999&quot;:{&quot;product_identifier&quot;:&quot;ad_free_999&quot;,&quot;base_plan_id&quot;:&quot;ad-free-base&quot;,&quot;entitlements&quot;:[&quot;Ad Free&quot;]},&quot;ad_free_999:ad-free-base&quot;:{&quot;product_identifier&quot;:&quot;ad_free_999&quot;,&quot;base_plan_id&quot;:&quot;ad-free-base&quot;,&quot;entitlements&quot;:[&quot;Ad Free&quot;]},&quot;ad_free_monthly_99&quot;:{&quot;product_identifier&quot;:&quot;ad_free_monthly_99&quot;,&quot;base_plan_id&quot;:&quot;ad-free-monthly-base&quot;,&quot;entitlements&quot;:[&quot;Ad Free Quarterly&quot;]},&quot;ad_free_monthly_99:ad-free-monthly-base&quot;:{&quot;product_identifier&quot;:&quot;ad_free_monthly_99&quot;,&quot;base_plan_id&quot;:&quot;ad-free-monthly-base&quot;,&quot;entitlements&quot;:[&quot;Ad Free Quarterly&quot;]},&quot;ad_free_quarterly&quot;:{&quot;product_identifier&quot;:&quot;ad_free_quarterly&quot;,&quot;base_plan_id&quot;:&quot;ad-free-base-quarterly&quot;,&quot;entitlements&quot;:[&quot;Ad Free Quarterly&quot;]},&quot;ad_free_quarterly:ad-free-base-quarterly&quot;:{&quot;product_identifier&quot;:&quot;ad_free_quarterly&quot;,&quot;base_plan_id&quot;:&quot;ad-free-base-quarterly&quot;,&quot;entitlements&quot;:[&quot;Ad Free Quarterly&quot;]},&quot;ad_free_quarterly_499&quot;:{&quot;product_identifier&quot;:&quot;ad_free_quarterly_499&quot;,&quot;base_plan_id&quot;:&quot;ad-free-quarterly-499-base&quot;,&quot;entitlements&quot;:[&quot;Ad Free Quarterly&quot;]},&quot;ad_free_quarterly_499:ad-free-quarterly-499-base&quot;:{&quot;product_identifier&quot;:&quot;ad_free_quarterly_499&quot;,&quot;base_plan_id&quot;:&quot;ad-free-quarterly-499-base&quot;,&quot;entitlements&quot;:[&quot;Ad Free Quarterly&quot;]},&quot;less_ads_399_prod&quot;:{&quot;product_identifier&quot;:&quot;less_ads_399_prod&quot;,&quot;base_plan_id&quot;:&quot;less-ads-base-plan&quot;,&quot;entitlements&quot;:[&quot;Reduced Ads&quot;]},&quot;less_ads_399_prod:less-ads-base-plan&quot;:{&quot;product_identifier&quot;:&quot;less_ads_399_prod&quot;,&quot;base_plan_id&quot;:&quot;less-ads-base-plan&quot;,&quot;entitlements&quot;:[&quot;Reduced Ads&quot;]},&quot;reels_1.99&quot;:{&quot;product_identifier&quot;:&quot;reels_1.99&quot;,&quot;entitlements&quot;:[]},&quot;reels_4.99&quot;:{&quot;product_identifier&quot;:&quot;reels_4.99&quot;,&quot;entitlements&quot;:[]}}}</string>
    <string name="com.facebook.appevents.AnalyticsUserIDStore.userID">WPw8ISixjAawPg96uDNLXnx0CkR2</string>
    <string name="com.revenuecat.purchases.goog_DbsgCxjHJWZblwrslqFJzSvLMCC.lW5cHWinHtZPMtZScZ545WHKQho1">{&quot;request_date&quot;:&quot;2025-10-27T20:01:15Z&quot;,&quot;request_date_ms&quot;:1761595275518,&quot;subscriber&quot;:{&quot;entitlements&quot;:{},&quot;first_seen&quot;:&quot;2025-10-27T20:01:15Z&quot;,&quot;last_seen&quot;:&quot;2025-10-27T20:01:15Z&quot;,&quot;management_url&quot;:null,&quot;non_subscriptions&quot;:{},&quot;original_app_user_id&quot;:&quot;lW5cHWinHtZPMtZScZ545WHKQho1&quot;,&quot;original_application_version&quot;:null,&quot;original_purchase_date&quot;:null,&quot;other_purchases&quot;:{},&quot;subscriptions&quot;:{}},&quot;schema_version&quot;:3,&quot;verification_result&quot;:&quot;NOT_REQUESTED&quot;,&quot;customer_info_request_date&quot;:1761595275519}</string>
</map>
