<?xml version='1.0' encoding='utf-8' standalone='yes' ?>
<map>
    <string name="auid">15091545-d34c-45d2-8941-0553be313971</string>
    <string name="search_keys">{&quot;success&quot;:&quot;&quot;,&quot;fail&quot;:&quot;&quot;,&quot;searchKeys&quot;:[&quot;market://&quot;,&quot;play.google.com&quot;],&quot;acknowledgeWith&quot;:&quot;acknowledgeMessage&quot;,&quot;declineWith&quot;:&quot;errorTest&quot;}</string>
    <string name="ssaGlobalAppData">{&quot;controllerVersion&quot;:&quot;3073&quot;}</string>
    <string name="version">8.9.1</string>
    <string name="unityads-idfi">9d4ee4de-fbe3-4172-8ff8-f1bc86e27da5</string>
</map>
