<?xml version='1.0' encoding='utf-8' standalone='yes' ?>
<map>
    <boolean name="had_persisted_distinct_id" value="false" />
    <string name="super_properties">{&quot;isAnonymous&quot;:false,&quot;phoneNumber&quot;:true,&quot;userEmail&quot;:&quot;&quot;,&quot;userName&quot;:&quot;Arvind&quot;,&quot;userId&quot;:&quot;WPw8ISixjAawPg96uDNLXnx0CkR2&quot;,&quot;$lib_version&quot;:&quot;2.4.4&quot;,&quot;mp_lib&quot;:&quot;flutter&quot;,&quot;patchNumber&quot;:0}</string>
    <boolean name="events_user_id_present" value="true" />
    <string name="people_distinct_id">WPw8ISixjAawPg96uDNLXnx0CkR2</string>
    <string name="events_distinct_id">WPw8ISixjAawPg96uDNLXnx0CkR2</string>
    <string name="anonymous_id">3fe096ad-4348-4824-852f-3c042f4b1b9b</string>
</map>
