<?xml version='1.0' encoding='utf-8' standalone='yes' ?>
<map>
    <string name="com.applovin.sdk.P_OL.plugin_version">13.2.0.1</string>
    <string name="com.applovin.sdk.P_OL.device_token">MaznYs97JTiqaqEwnZGZ5v_76gZWpYrYXX1qv2RUV51x3jLSOt4SYNIv1x7TuVIaTdrbO6SeHwEf5_-71QBHy_OTbPB0hKHF8AAlIskbPMJcg6PH3NfNuRLbLU6fGV5Y5v8i9OzfAgx6q-FFZp_TCCTLzz_VqbMd63-zxDmnduU=</string>
    <string name="com.applovin.sdk.P_OL.device_id">10d33fe820c9fa90f4</string>
    <string name="com.applovin.sdk.P_OL.sc">Jra0%2FxsW%2Frz%2FG1S4DRUgFpytwunCZgA%3D</string>
    <boolean name="com.applovin.sdk.P_OL.is_verbose_logging" value="false" />
</map>
