<?xml version='1.0' encoding='utf-8' standalone='yes' ?>
<map>
    <string name="vivo/V2315T/V2315:13/TP1A.220624.014/compiler04081631:user/release-keys;1.0.91">dd86fe2a5783d5400b5d36f7f61ef64a</string>
    <string name="deviceIdHash">a1311ff1-f323-4ced-8e8c-29616cd6324d</string>
    <string name="Redmi/lime_in/lime:12/SKQ1.211202.001/V14.0.2.0.SJQINXM:user/release-keys;1.0.91">392cdcb1c3a99d437b2e61d4d058fda2</string>
    <string name="LAST_SAVED_LOCALE">en_IN</string>
    <int name="AppMinSdkVersion" value="26" />
</map>
