<?xml version='1.0' encoding='utf-8' standalone='yes' ?>
<map>
    <string name="flutter.countryCode">IN</string>
    <string name="flutter.characterChat">false</string>
    <boolean name="flutter.hasClickedMyShowsNotifications" value="false" />
    <string name="flutter.lastSessionId">c32663a0-b231-11f0-b6f5-9576d15c4ee6</string>
    <string name="flutter.L1_ACTIVATED_COUNT">41</string>
    <string name="flutter.alternateTrialScreen">&quot;true&quot;</string>
    <string name="flutter.PREFERRED_LANGUAGE">hi</string>
    <boolean name="flutter.firstSession" value="false" />
    <boolean name="flutter.didShowNotificationPrompt" value="true" />
    <string name="flutter.COMPLETED_COUNT">13</string>
    <string name="flutter.SUBSCRIPTION_ONLY">true</string>
    <boolean name="flutter.firstTimeLaunch" value="false" />
    <string name="flutter.REELS_L1_ACTIVATED_COUNT">21</string>
    <string name="flutter.REELS_APP_L2_ACTIVATED">true</string>
    <string name="flutter.APP_WATCH_TIME_MS">23806278</string>
    <string name="flutter.REELS_L2_ACTIVATED_COUNT">21</string>
    <string name="flutter.subscriptionVariant">&quot;D&quot;</string>
    <string name="flutter.SHOWS_APP_L1_ACTIVATED">true</string>
    <string name="flutter.L2_ACTIVATED_COUNT">17</string>
    <string name="flutter.REELS_ACTIVATED_COUNT">34</string>
    <string name="flutter.MIXPANEL_DISTINCT_ID">WPw8ISixjAawPg96uDNLXnx0CkR2</string>
    <string name="flutter.CAMPAIGN_TYPE">UNKNOWN</string>
    <boolean name="flutter.appsflyerDeepLinked" value="true" />
    <string name="flutter.ACTIVATED_COUNT">51</string>
    <string name="flutter.supportBot">true</string>
    <string name="flutter.homeRevampRollout">&quot;false&quot;</string>
    <boolean name="flutter.onboardingShown" value="true" />
    <boolean name="flutter.didShowFirstNotificationPrompt" value="true" />
    <boolean name="flutter.trialScreenShown" value="true" />
    <long name="flutter.lastSessionStartTime" value="1761458724571" />
    <string name="flutter.languages">VGhpcyBpcyB0aGUgcHJlZml4IGZvciBhIGxpc3Qu![&quot;Hindi&quot;]</string>
    <string name="flutter.SHOWS_APP_ACTIVATED">true</string>
    <string name="flutter.REELS_APP_L1_ACTIVATED">true</string>
    <string name="flutter.downsellSubscription">{&quot;price&quot;:99,&quot;id&quot;:&quot;ad_free_monthly_99&quot;,&quot;tenure&quot;:&quot;/ month&quot;}</string>
    <string name="flutter.REELS_APP_ACTIVATED">true</string>
    <string name="flutter.SHOWS_APP_L2_ACTIVATED">true</string>
    <string name="flutter.startOnExplore">&quot;false&quot;</string>
</map>
