<?xml version='1.0' encoding='utf-8' standalone='yes' ?>
<map>
    <long name="time_active" value="35388" />
    <long name="last_upload" value="1761501234254" />
    <long name="first_open_time" value="1761501234216" />
    <string name="gmp_app_id">1:210416030535:android:f8fd6d3246fed0e3</string>
    <string name="previous_os_version">14</string>
    <string name="app_instance_id">c90a0878dffc12bbc8a0211ee16b45cc</string>
    <boolean name="has_been_opened" value="true" />
    <long name="health_monitor:start" value="1761501234273" />
    <boolean name="use_service" value="true" />
    <long name="last_pause_time" value="1761501339078" />
    <boolean name="start_new_session" value="false" />
</map>
