<?xml version='1.0' encoding='utf-8' standalone='yes' ?>
<map>
    <string name="userLangPref">6,8</string>
    <string name="contentLangIP">Hindi</string>
    <boolean name="pref_volume" value="true" />
    <string name="phoneNumber">6395802758</string>
    <boolean name="first_time_navigation_open" value="true" />
    <int name="MEDIA_SELECTION_INDEX" value="-1" />
    <boolean name="first_time_video_open" value="true" />
    <int name="MEDIA_GROUP_INDEX" value="-1" />
    <boolean name="MAP_KEY_SESSION" value="true" />
    <string name="fcmtoken">etQI_AK8R-Gsvrj8yfDqwF:APA91bF2F-rSWtuzbPVw0HyBSYHJz8gIrnZPR3pI0TSFBmK0j0vXeyheeeUt5dZo1wC7VUIo8jDmrHkRmhzk06FYtQM3rqpRTMs8ln2IqAMZwAfu-Mnf1jA</string>
    <boolean name="program_detail_already" value="true" />
    <string name="COUPON_DATA"></string>
</map>
