<?xml version='1.0' encoding='utf-8' standalone='yes' ?>
<map>
    <long name="fire-count" value="1" />
    <string name="last-used-date">2025-09-25</string>
    <long name="fire-global" value="1758785195517" />
    <set name="android-min-sdk/28 kotlin/2.1.10 fire-transport/18.2.0 fire-installations/18.0.0 device-brand/realme fire-android/34 fire-core/21.0.0 fire-core-ktx/21.0.0 android-installer/com.google.android.packageinstaller android-platform/ fire-fcm/24.1.0 device-name/RMX3660 android-target-sdk/34 device-model/RE588BL1">
        <string>2025-09-25</string>
    </set>
</map>
